﻿<JCPlayer>
	
	<!-- The list of properties for the JC Player main Flash component. -->
	<params>
		<!-- The component properties you can set are: config, source, domainKeys, width, height, scaleMode, 
		playMode, loop, useStageVideo, shuffle, volume, mute, bufferTime, shareLink and templateName. The rest
		of the component properties are read-only. The templateName will be disregarded and config is the 
		actual configuration XML you are editing, so you have to set the rest of the enumerated parameters. -->
		<domainKeys>
			<type>Array</type>
			<value>178g2i74V9m3</value>
		</domainKeys>
		<source>
			<type>String</type>
			<value>source.xml</value>
		</source>		
		<width>
			<type>Number</type>
			<value>800</value>
		</width>
		<height>
			<type>Number</type>
			<value>600</value>
		</height>		
		<scaleMode>
			<type>String</type>
			<value>maintainAspectRatio</value>
		</scaleMode>	
		<playMode>
			<type>String</type>
			<value>onDemand</value>
		</playMode>
		<loop>
			<type>Boolean</type>
			<value>true</value>
		</loop>
		<useStageVideo>
			<type>Boolean</type>
			<value>true</value>
		</useStageVideo>
		<shuffle>
			<type>Boolean</type>
			<value>false</value>
		</shuffle>
		<volume>
			<type>Number</type>
			<value>80</value>
		</volume>
		<mute>
			<type>Boolean</type>
			<value>false</value>
		</mute>		
		<bufferTime>
			<type>Number</type>
			<value>5</value>
		</bufferTime>
		<shareLink>
			<type>String</type>
			<value>http://www.jcplayer.com/index.html</value>
		</shareLink>
	</params>
	
	<template>
		
		<!-- The full package and class name of the Flash JC Player template. -->
		<className>com.jumpeye.jcplayer.templates.SlimBar</className>
		
		<!-- Here you can specify what template properties to be set. The properties
		that are left out will be left at their default values. -->
		<params>
			<playerColor1>
				<type>Number</type>
				<value>0x242424</value>
			</playerColor1>
			<playerColor2>
				<type>Number</type>
				<value>0xFFFFFF</value>
			</playerColor2>
			<playerColor3>
				<type>Number</type>
				<value>0x7F1732</value>
			</playerColor3>
			<movieBackgroundColor>
				<type>Number</type>
				<value>0x0c0c0c</value>
			</movieBackgroundColor>
			<backgroundVisible>
				<type>Boolean</type>
				<value>true</value>
			</backgroundVisible>			
			<navigationButtons>
				<type>Boolean</type>
				<value>true</value>
			</navigationButtons>
			<fullscreenButton>
				<type>Boolean</type>
				<value>true</value>
			</fullscreenButton>
			<playButton>
				<type>Boolean</type>
				<value>true</value>
			</playButton>
			<hdButton>
				<type>Boolean</type>
				<value>false</value>
			</hdButton>
			<seekBar>
				<type>Boolean</type>
				<value>true</value>
			</seekBar>
			<elapsedTimeControl>
				<type>Boolean</type>
				<value>true</value>
			</elapsedTimeControl>
			<totalTimeControl>
				<type>Boolean</type>
				<value>true</value>
			</totalTimeControl>
			<volumeButton>
				<type>Boolean</type>
				<value>true</value>
			</volumeButton>
			<shareButtons>
				<type>Boolean</type>
				<value>true</value>
			</shareButtons>
			<showInfo>
				<type>Boolean</type>
				<value>true</value>
			</showInfo>
			<showBorder>
				<type>Boolean</type>
				<value>true</value>
			</showBorder>			
			<showPlaylist>
				<type>Boolean</type>
				<value>true</value>
			</showPlaylist>			
			<autoHideControls>
				<type>Boolean</type>
				<value>false</value>
			</autoHideControls>
			<playlistSize>
				<type>Number</type>
				<value>150</value>
			</playlistSize>
			<playlistPosition>
				<type>String</type>
				<value>bottom</value>
			</playlistPosition>
		</params> 
		<!-- The end of the SlimBar template propertiies declaration. -->
		
	</template>
	
</JCPlayer>