<?xml version="1.0" encoding="UTF-8"?>
<gallery>
    
	<!-- Wedding photos -->
	<folder>
        <name>Wedding</name>
        <items>
			<item>
                <thumbnail>http://files.jumpeyecomponents.net/jumpeyeFramework/templates/Glimpses/tpl_images/galleries/slideshow/wedding/thumbs/thumb_01.jpg</thumbnail>
                <image>http://files.jumpeyecomponents.net/jumpeyeFramework/templates/Glimpses/tpl_images/galleries/slideshow/wedding/images/img_01.jpg</image>
                <title>Wedding story</title>
                <description>Author: Eduard Stelmakh</description>
                <link>http://500px.com/photo/8047261</link>
            </item>
			<item>
                <thumbnail>http://files.jumpeyecomponents.net/jumpeyeFramework/templates/Glimpses/tpl_images/galleries/slideshow/wedding/thumbs/thumb_02.jpg</thumbnail>
                <image>http://files.jumpeyecomponents.net/jumpeyeFramework/templates/Glimpses/tpl_images/galleries/slideshow/wedding/images/img_02.jpg</image>
                <title>Wedding story</title>
                <description>Author: Eduard Stelmakh</description>
                <link>http://500px.com/photo/3980045</link>
            </item>
			<item>
                <thumbnail>http://files.jumpeyecomponents.net/jumpeyeFramework/templates/Glimpses/tpl_images/galleries/slideshow/wedding/thumbs/thumb_03.jpg</thumbnail>
                <image>http://files.jumpeyecomponents.net/jumpeyeFramework/templates/Glimpses/tpl_images/galleries/slideshow/wedding/images/img_03.jpg</image>
                <title>Wedding portrait</title>
                <description>Author: Eduard Stelmakh</description>
                <link>http://500px.com/photo/9313401</link>
            </item>
			<item>
                <thumbnail>http://files.jumpeyecomponents.net/jumpeyeFramework/templates/Glimpses/tpl_images/galleries/slideshow/wedding/thumbs/thumb_04.jpg</thumbnail>
                <image>http://files.jumpeyecomponents.net/jumpeyeFramework/templates/Glimpses/tpl_images/galleries/slideshow/wedding/images/img_04.jpg</image>
                <title>Wedding story</title>
                <description>Author: Eduard Stelmakh</description>
                <link>http://500px.com/photo/2092729</link>
            </item>
			<item>
                <thumbnail>http://files.jumpeyecomponents.net/jumpeyeFramework/templates/Glimpses/tpl_images/galleries/slideshow/wedding/thumbs/thumb_05.jpg</thumbnail>
                <image>http://files.jumpeyecomponents.net/jumpeyeFramework/templates/Glimpses/tpl_images/galleries/slideshow/wedding/images/img_05.jpg</image>
                <title>Aurora</title>
                <description>Author: Eduard Stelmakh</description>
                <link>http://500px.com/photo/4710266</link>
            </item>
			<item>
                <thumbnail>http://files.jumpeyecomponents.net/jumpeyeFramework/templates/Glimpses/tpl_images/galleries/slideshow/wedding/thumbs/thumb_06.jpg</thumbnail>
                <image>http://files.jumpeyecomponents.net/jumpeyeFramework/templates/Glimpses/tpl_images/galleries/slideshow/wedding/images/img_06.jpg</image>
                <title>Wedding story. Samui</title>
                <description>Author: Eduard Stelmakh</description>
                <link>http://500px.com/photo/8322396</link>
            </item>
			<item>
                <thumbnail>http://files.jumpeyecomponents.net/jumpeyeFramework/templates/Glimpses/tpl_images/galleries/slideshow/wedding/thumbs/thumb_07.jpg</thumbnail>
                <image>http://files.jumpeyecomponents.net/jumpeyeFramework/templates/Glimpses/tpl_images/galleries/slideshow/wedding/images/img_07.jpg</image>
                <title>Wedding story</title>
                <description>Author: Eduard Stelmakh</description>
                <link>http://500px.com/photo/5218708</link>
            </item>
			<item>
                <thumbnail>http://files.jumpeyecomponents.net/jumpeyeFramework/templates/Glimpses/tpl_images/galleries/slideshow/wedding/thumbs/thumb_08.jpg</thumbnail>
                <image>http://files.jumpeyecomponents.net/jumpeyeFramework/templates/Glimpses/tpl_images/galleries/slideshow/wedding/images/img_08.jpg</image>
                <title>Wedding story</title>
                <description>Author: Eduard Stelmakh</description>
                <link>http://500px.com/photo/4399979</link>
            </item>
			<item>
                <thumbnail>http://files.jumpeyecomponents.net/jumpeyeFramework/templates/Glimpses/tpl_images/galleries/slideshow/wedding/thumbs/thumb_09.jpg</thumbnail>
                <image>http://files.jumpeyecomponents.net/jumpeyeFramework/templates/Glimpses/tpl_images/galleries/slideshow/wedding/images/img_09.jpg</image>
                <title>Wedding story</title>
                <description>Author: Eduard Stelmakh</description>
                <link>http://500px.com/photo/5989262</link>
            </item>
			<item>
                <thumbnail>http://files.jumpeyecomponents.net/jumpeyeFramework/templates/Glimpses/tpl_images/galleries/slideshow/wedding/thumbs/thumb_10.jpg</thumbnail>
                <image>http://files.jumpeyecomponents.net/jumpeyeFramework/templates/Glimpses/tpl_images/galleries/slideshow/wedding/images/img_10.jpg</image>
                <title>Wedding story</title>
                <description>Author: Eduard Stelmakh</description>
                <link>http://500px.com/photo/8725305</link>
            </item>
        </items>
    </folder>
	
	
	<!-- Portait photos -->
	<folder>
        <name>Portrait</name>
        <items>
			<item>
                <thumbnail>http://files.jumpeyecomponents.net/jumpeyeFramework/templates/Glimpses/tpl_images/galleries/slideshow/portrait/thumbs/thumb_01.jpg</thumbnail>
                <image>http://files.jumpeyecomponents.net/jumpeyeFramework/templates/Glimpses/tpl_images/galleries/slideshow/portrait/images/img_01.jpg</image>
                <title>Lass</title>
                <description>Author: Charles Hildreth</description>
                <link>http://500px.com/photo/18707331</link>
            </item>
			<item>
                <thumbnail>http://files.jumpeyecomponents.net/jumpeyeFramework/templates/Glimpses/tpl_images/galleries/slideshow/portrait/thumbs/thumb_02.jpg</thumbnail>
                <image>http://files.jumpeyecomponents.net/jumpeyeFramework/templates/Glimpses/tpl_images/galleries/slideshow/portrait/images/img_02.jpg</image>
                <title>Liz VII</title>
                <description>Author: Charles Hildreth</description>
                <link>http://500px.com/photo/2881632</link>
            </item>
			<item>
                <thumbnail>http://files.jumpeyecomponents.net/jumpeyeFramework/templates/Glimpses/tpl_images/galleries/slideshow/portrait/thumbs/thumb_03.jpg</thumbnail>
                <image>http://files.jumpeyecomponents.net/jumpeyeFramework/templates/Glimpses/tpl_images/galleries/slideshow/portrait/images/img_03.jpg</image>
                <title>LaneyChantal</title>
                <description>Author: Charles Hildreth</description>
                <link>http://500px.com/photo/11553143</link>
            </item>
			<item>
                <thumbnail>http://files.jumpeyecomponents.net/jumpeyeFramework/templates/Glimpses/tpl_images/galleries/slideshow/portrait/thumbs/thumb_04.jpg</thumbnail>
                <image>http://files.jumpeyecomponents.net/jumpeyeFramework/templates/Glimpses/tpl_images/galleries/slideshow/portrait/images/img_04.jpg</image>
                <title>Reno</title>
                <description>Author: Charles Hildreth</description>
                <link>http://500px.com/photo/1635910</link>
            </item>
			<item>
                <thumbnail>http://files.jumpeyecomponents.net/jumpeyeFramework/templates/Glimpses/tpl_images/galleries/slideshow/portrait/thumbs/thumb_05.jpg</thumbnail>
                <image>http://files.jumpeyecomponents.net/jumpeyeFramework/templates/Glimpses/tpl_images/galleries/slideshow/portrait/images/img_05.jpg</image>
                <title>Marianne</title>
                <description>Author: Charles Hildreth</description>
                <link>http://500px.com/photo/7229367</link>
            </item>
			<item>
                <thumbnail>http://files.jumpeyecomponents.net/jumpeyeFramework/templates/Glimpses/tpl_images/galleries/slideshow/portrait/thumbs/thumb_06.jpg</thumbnail>
                <image>http://files.jumpeyecomponents.net/jumpeyeFramework/templates/Glimpses/tpl_images/galleries/slideshow/portrait/images/img_06.jpg</image>
                <title>Marianne</title>
                <description>Author: Charles Hildreth</description>
                <link>http://500px.com/photo/26513095</link>
            </item>
			<item>
                <thumbnail>http://files.jumpeyecomponents.net/jumpeyeFramework/templates/Glimpses/tpl_images/galleries/slideshow/portrait/thumbs/thumb_07.jpg</thumbnail>
                <image>http://files.jumpeyecomponents.net/jumpeyeFramework/templates/Glimpses/tpl_images/galleries/slideshow/portrait/images/img_07.jpg</image>
                <title>Her</title>
                <description>Author: Charles Hildreth</description>
                <link>http://500px.com/photo/3468043</link>
            </item>
			<item>
                <thumbnail>http://files.jumpeyecomponents.net/jumpeyeFramework/templates/Glimpses/tpl_images/galleries/slideshow/portrait/thumbs/thumb_08.jpg</thumbnail>
                <image>http://files.jumpeyecomponents.net/jumpeyeFramework/templates/Glimpses/tpl_images/galleries/slideshow/portrait/images/img_08.jpg</image>
                <title>The Bridesmaid's Daughter</title>
                <description>Author: Charles Hildreth</description>
                <link>http://500px.com/photo/1876889</link>
            </item>
			<item>
                <thumbnail>http://files.jumpeyecomponents.net/jumpeyeFramework/templates/Glimpses/tpl_images/galleries/slideshow/portrait/thumbs/thumb_09.jpg</thumbnail>
                <image>http://files.jumpeyecomponents.net/jumpeyeFramework/templates/Glimpses/tpl_images/galleries/slideshow/portrait/images/img_09.jpg</image>
                <title>Bryt</title>
                <description>Author: Charles Hildreth</description>
                <link>http://500px.com/photo/1636145</link>
            </item>
			<item>
                <thumbnail>http://files.jumpeyecomponents.net/jumpeyeFramework/templates/Glimpses/tpl_images/galleries/slideshow/portrait/thumbs/thumb_10.jpg</thumbnail>
                <image>http://files.jumpeyecomponents.net/jumpeyeFramework/templates/Glimpses/tpl_images/galleries/slideshow/portrait/images/img_10.jpg</image>
                <title>Liz XIII</title>
                <description>Author: Charles Hildreth</description>
                <link>http://500px.com/photo/3906135</link>
            </item>
        </items>
    </folder>
	
	
	<!-- Fashion photos -->
	<folder>
        <name>Fashion</name>
        <items>
			<item>
                <thumbnail>http://files.jumpeyecomponents.net/jumpeyeFramework/templates/Glimpses/tpl_images/galleries/slideshow/fashion/thumbs/thumb_01.jpg</thumbnail>
                <image>http://files.jumpeyecomponents.net/jumpeyeFramework/templates/Glimpses/tpl_images/galleries/slideshow/fashion/images/img_01.jpg</image>
                <title>Katana</title>
                <description>Author: Franck Gomez</description>
                <link>http://500px.com/photo/8440659</link>
            </item>
			<item>
                <thumbnail>http://files.jumpeyecomponents.net/jumpeyeFramework/templates/Glimpses/tpl_images/galleries/slideshow/fashion/thumbs/thumb_02.jpg</thumbnail>
                <image>http://files.jumpeyecomponents.net/jumpeyeFramework/templates/Glimpses/tpl_images/galleries/slideshow/fashion/images/img_02.jpg</image>
                <title>Maud</title>
                <description>Author: Franck Gomez</description>
                <link>http://500px.com/photo/13751567</link>
            </item>
			<item>
                <thumbnail>http://files.jumpeyecomponents.net/jumpeyeFramework/templates/Glimpses/tpl_images/galleries/slideshow/fashion/thumbs/thumb_03.jpg</thumbnail>
                <image>http://files.jumpeyecomponents.net/jumpeyeFramework/templates/Glimpses/tpl_images/galleries/slideshow/fashion/images/img_03.jpg</image>
                <title>Sebastien</title>
                <description>Author: Franck Gomez</description>
                <link>http://500px.com/photo/15274373</link>
            </item>
			<item>
                <thumbnail>http://files.jumpeyecomponents.net/jumpeyeFramework/templates/Glimpses/tpl_images/galleries/slideshow/fashion/thumbs/thumb_04.jpg</thumbnail>
                <image>http://files.jumpeyecomponents.net/jumpeyeFramework/templates/Glimpses/tpl_images/galleries/slideshow/fashion/images/img_04.jpg</image>
                <title>Laissa</title>
                <description>Author: Franck Gomez</description>
                <link>http://500px.com/photo/1756767</link>
            </item>
			<item>
                <thumbnail>http://files.jumpeyecomponents.net/jumpeyeFramework/templates/Glimpses/tpl_images/galleries/slideshow/fashion/thumbs/thumb_05.jpg</thumbnail>
                <image>http://files.jumpeyecomponents.net/jumpeyeFramework/templates/Glimpses/tpl_images/galleries/slideshow/fashion/images/img_05.jpg</image>
                <title>Alexandra</title>
                <description>Author: Franck Gomez</description>
                <link>http://500px.com/photo/5394266</link>
            </item>
			<item>
                <thumbnail>http://files.jumpeyecomponents.net/jumpeyeFramework/templates/Glimpses/tpl_images/galleries/slideshow/fashion/thumbs/thumb_06.jpg</thumbnail>
                <image>http://files.jumpeyecomponents.net/jumpeyeFramework/templates/Glimpses/tpl_images/galleries/slideshow/fashion/images/img_06.jpg</image>
                <title>Juanito</title>
                <description>Author: Franck Gomez</description>
                <link>http://500px.com/photo/5322004</link>
            </item>
			<item>
                <thumbnail>http://files.jumpeyecomponents.net/jumpeyeFramework/templates/Glimpses/tpl_images/galleries/slideshow/fashion/thumbs/thumb_07.jpg</thumbnail>
                <image>http://files.jumpeyecomponents.net/jumpeyeFramework/templates/Glimpses/tpl_images/galleries/slideshow/fashion/images/img_07.jpg</image>
                <title>Alexandra</title>
                <description>Author: Franck Gomez</description>
                <link>http://500px.com/photo/3044600</link>
            </item>
			<item>
                <thumbnail>http://files.jumpeyecomponents.net/jumpeyeFramework/templates/Glimpses/tpl_images/galleries/slideshow/fashion/thumbs/thumb_08.jpg</thumbnail>
                <image>http://files.jumpeyecomponents.net/jumpeyeFramework/templates/Glimpses/tpl_images/galleries/slideshow/fashion/images/img_08.jpg</image>
                <title>Alexandra</title>
                <description>Author: Franck Gomez</description>
                <link>http://500px.com/photo/2961383</link>
            </item>
			<item>
                <thumbnail>http://files.jumpeyecomponents.net/jumpeyeFramework/templates/Glimpses/tpl_images/galleries/slideshow/fashion/thumbs/thumb_09.jpg</thumbnail>
                <image>http://files.jumpeyecomponents.net/jumpeyeFramework/templates/Glimpses/tpl_images/galleries/slideshow/fashion/images/img_09.jpg</image>
                <title>Victoria</title>
                <description>Author: Franck Gomez</description>
                <link>http://500px.com/photo/1756789</link>
            </item>
			<item>
                <thumbnail>http://files.jumpeyecomponents.net/jumpeyeFramework/templates/Glimpses/tpl_images/galleries/slideshow/fashion/thumbs/thumb_10.jpg</thumbnail>
                <image>http://files.jumpeyecomponents.net/jumpeyeFramework/templates/Glimpses/tpl_images/galleries/slideshow/fashion/images/img_10.jpg</image>
                <title>Daise</title>
                <description>Author: Franck Gomez</description>
                <link>http://500px.com/photo/6361088</link>
            </item>
        </items>
    </folder>	
					
</gallery>
