<playlist>
	<items>
		<item>
			<source>http://www.youtube.com/watch?v=-txdorNG784</source>
			<sourceType>youtube</sourceType>
			<startFromThis>true</startFromThis>			
			<duration>135</duration>
			<title><![CDATA[Echoes from the middle ages]]></title>
			<description><![CDATA[The incredible atmosphere of a place out of time: Erice in Sicily.]]></description>			
			<image>http://www.jcplayer.com/swf/Demo4/covers/cover_1.jpg</image>
		</item>
		<item>
			<source>http://www.youtube.com/watch?v=fmgzw2hTsLg</source>
			<sourceType>youtube</sourceType>
			<startFromThis>false</startFromThis>			
			<duration>139</duration>
			<description><![CDATA[The Big apple seen in from an emotional point of view. Shoot with Canon 7d, 17-55 2.8 zoom lens and all handheld.]]></description>
			<title><![CDATA[Alone in New York]]></title>
			<image>http://www.jcplayer.com/swf/Demo4/covers/cover_2.jpg</image>
		</item>
		<item>
			<source>http://www.youtube.com/watch?v=McQApbsBlbM</source>
			<sourceType>youtube</sourceType>
			<startFromThis>false</startFromThis>			
			<duration>165</duration>
			<description><![CDATA[From the glaciers to the desert, from New Zealand to Rome time flows, flies, burns.]]></description>
			<title><![CDATA[Time - from New Zealand to Rome ]]></title>
			<image>http://www.jcplayer.com/swf/Demo4/covers/cover_3.jpg</image>
		</item>
		<item>
			<source>http://www.youtube.com/watch?v=rEk0AdJx9gw</source>
			<sourceType>youtube</sourceType>
			<startFromThis>false</startFromThis>			
			<duration>251</duration>
			<description><![CDATA[Grand Canyon, Bryce Canyon, Zion Canyon.]]></description>
			<title><![CDATA[Journey through Canyons]]></title>
			<image>http://www.jcplayer.com/swf/Demo4/covers/cover_4.jpg</image>
		</item>
		<item>
			<source>http://www.youtube.com/watch?v=ISph1I3TWjQ</source>
			<sourceType>youtube</sourceType>
			<startFromThis>false</startFromThis>			
			<duration>171</duration>
			<description><![CDATA[Tambakaria, one of the most magical and beautiful places in Chania (Crete), which was known during the 19th century for its tanneries. Many of the old tanneries are today abandoned and ruined, but some are still working...]]></description>
			<title><![CDATA[Tambakaria]]></title>
			<image>http://www.jcplayer.com/swf/Demo4/covers/cover_5.jpg</image>
		</item>	
		<item>
			<source>http://www.youtube.com/watch?v=NSQ-XAowe7Q</source>
			<sourceType>youtube</sourceType>
			<startFromThis>false</startFromThis>			
			<duration>167</duration>
			<description><![CDATA[Shot on the Sony EX3 and Letus Ultimate in Rhyolite, Nevada.]]></description>
			<title><![CDATA[Rhyolite Ghost Town]]></title>
			<image>http://www.jcplayer.com/swf/Demo4/covers/cover_6.jpg</image>
		</item>	
		<item>
			<source>http://www.youtube.com/watch?v=-txdorNG784</source>
			<sourceType>youtube</sourceType>
			<startFromThis>false</startFromThis>			
			<duration>135</duration>
			<description><![CDATA[The incredible atmosphere of a place out of time: Erice in Sicily.]]></description>
			<title><![CDATA[Echoes from the middle ages]]></title>
			<image>http://www.jcplayer.com/swf/Demo4/covers/cover_1.jpg</image>
		</item>
		<item>
			<source>http://www.youtube.com/watch?v=fmgzw2hTsLg</source>
			<sourceType>youtube</sourceType>
			<startFromThis>false</startFromThis>			
			<duration>139</duration>
			<description><![CDATA[The Big apple seen in from an emotional point of view. Shoot with Canon 7d, 17-55 2.8 zoom lens and all handheld.]]></description>
			<title><![CDATA[Alone in New York]]></title>
			<image>http://www.jcplayer.com/swf/Demo4/covers/cover_2.jpg</image>
		</item>
		<item>
			<source>http://www.youtube.com/watch?v=McQApbsBlbM</source>
			<sourceType>youtube</sourceType>
			<startFromThis>false</startFromThis>			
			<duration>165</duration>
			<description><![CDATA[From the glaciers to the desert, from New Zealand to Rome time flows, flies, burns.]]></description>
			<title><![CDATA[Time - from New Zealand to Rome ]]></title>
			<image>http://www.jcplayer.com/swf/Demo4/covers/cover_3.jpg</image>
		</item>
		<item>
			<source>http://www.youtube.com/watch?v=rEk0AdJx9gw</source>
			<sourceType>youtube</sourceType>
			<startFromThis>false</startFromThis>			
			<duration>251</duration>
			<description><![CDATA[Grand Canyon, Bryce Canyon, Zion Canyon.]]></description>
			<title><![CDATA[Journey through Canyons]]></title>
			<image>http://www.jcplayer.com/swf/Demo4/covers/cover_4.jpg</image>
		</item>
		<item>
			<source>http://www.youtube.com/watch?v=ISph1I3TWjQ</source>
			<sourceType>youtube</sourceType>
			<startFromThis>false</startFromThis>			
			<duration>171</duration>
			<description><![CDATA[Tambakaria, one of the most magical and beautiful places in Chania (Crete), which was known during the 19th century for its tanneries. Many of the old tanneries are today abandoned and ruined, but some are still working...]]></description>
			<title><![CDATA[Tambakaria]]></title>
			<image>http://www.jcplayer.com/swf/Demo4/covers/cover_5.jpg</image>
		</item>	
		<item>
			<source>http://www.youtube.com/watch?v=NSQ-XAowe7Q</source>
			<sourceType>youtube</sourceType>
			<startFromThis>false</startFromThis>			
			<duration>167</duration>
			<description><![CDATA[Shot on the Sony EX3 and Letus Ultimate in Rhyolite, Nevada.]]></description>
			<title><![CDATA[Rhyolite Ghost Town]]></title>
			<image>http://www.jcplayer.com/swf/Demo4/covers/cover_6.jpg</image>
		</item>	
	</items>
</playlist>
