<?xml version="1.0" encoding="UTF-8"?>
<gallery>
    
	<folder>
        <name></name>
        <items>
			<item>
                <thumbnail>http://files.jumpeyecomponents.net/jumpeyeFramework/imageGallery/Landscape/thumbs/thumb_01.jpg</thumbnail>
                <image>http://files.jumpeyecomponents.net/jumpeyeFramework/imageGallery/Landscape/images/img_01.jpg</image>
                <title>Yummy candy sky : )</title>
                <description>Author: AtomicZen</description>
                <link>http://500px.com/photo/4096272</link>
            </item>
			<item>
                <thumbnail>http://files.jumpeyecomponents.net/jumpeyeFramework/imageGallery/Landscape/thumbs/thumb_02.jpg</thumbnail>
                <image>http://files.jumpeyecomponents.net/jumpeyeFramework/imageGallery/Landscape/images/img_02.jpg</image>
                <title>La Passe</title>
                <description>Author: Michael Breitung</description>
                <link>http://500px.com/photo/6681099</link>
            </item>
            <item>
                <thumbnail>http://files.jumpeyecomponents.net/jumpeyeFramework/imageGallery/Landscape/thumbs/thumb_03.jpg</thumbnail>
                <image>http://files.jumpeyecomponents.net/jumpeyeFramework/imageGallery/Landscape/images/img_03.jpg</image>
                <title>Tide rhythm at Avalon Beach</title>
                <description>Author: AtomicZen</description>
                <link>http://500px.com/photo/4023167</link>
            </item>
			<item>
                <thumbnail>http://files.jumpeyecomponents.net/jumpeyeFramework/imageGallery/Landscape/thumbs/thumb_04.jpg</thumbnail>
                <image>http://files.jumpeyecomponents.net/jumpeyeFramework/imageGallery/Landscape/images/img_04.jpg</image>
                <title>Coogee Beach</title>
                <description>Author: AtomicZen</description>
                <link>http://500px.com/photo/3843660</link>
            </item>
			<item>
                <thumbnail>http://files.jumpeyecomponents.net/jumpeyeFramework/imageGallery/Landscape/thumbs/thumb_05.jpg</thumbnail>
                <image>http://files.jumpeyecomponents.net/jumpeyeFramework/imageGallery/Landscape/images/img_05.jpg</image>
                <title>First impression at Bermagui</title>
                <description>Author: AtomicZen</description>
                <link>http://500px.com/photo/4580936</link>
            </item>
			<item>
                <thumbnail>http://files.jumpeyecomponents.net/jumpeyeFramework/imageGallery/Landscape/thumbs/thumb_06.jpg</thumbnail>
                <image>http://files.jumpeyecomponents.net/jumpeyeFramework/imageGallery/Landscape/images/img_06.jpg</image>
                <title>Buddy</title>
                <description>Author: AtomicZen</description>
                <link>http://500px.com/photo/10594477</link>
            </item>
			<item>
                <thumbnail>http://files.jumpeyecomponents.net/jumpeyeFramework/imageGallery/Landscape/thumbs/thumb_07.jpg</thumbnail>
                <image>http://files.jumpeyecomponents.net/jumpeyeFramework/imageGallery/Landscape/images/img_07.jpg</image>
                <title>Beam me up!!</title>
                <description>Author: AtomicZen</description>
                <link>http://500px.com/photo/5336059</link>
            </item>
			<item>
                <thumbnail>http://files.jumpeyecomponents.net/jumpeyeFramework/imageGallery/Landscape/thumbs/thumb_08.jpg</thumbnail>
                <image>http://files.jumpeyecomponents.net/jumpeyeFramework/imageGallery/Landscape/images/img_08.jpg</image>
                <title>Mysterious Fairyland</title>
                <description>Author: AtomicZen</description>
                <link>http://500px.com/photo/6171279</link>
            </item>
			<item>
                <thumbnail>http://files.jumpeyecomponents.net/jumpeyeFramework/imageGallery/Landscape/thumbs/thumb_09.jpg</thumbnail>
                <image>http://files.jumpeyecomponents.net/jumpeyeFramework/imageGallery/Landscape/images/img_09.jpg</image>
                <title>At Monkey creek</title>
                <description>Author: AtomicZen</description>
                <link>http://500px.com/photo/4529115</link>
            </item>
			<item>
                <thumbnail>http://files.jumpeyecomponents.net/jumpeyeFramework/imageGallery/Landscape/thumbs/thumb_10.jpg</thumbnail>
                <image>http://files.jumpeyecomponents.net/jumpeyeFramework/imageGallery/Landscape/images/img_10.jpg</image>
                <title>Light dance</title>
                <description>Author: AtomicZen</description>
                <link>http://500px.com/photo/4070072</link>
            </item>			
			<item>
                <thumbnail>http://files.jumpeyecomponents.net/jumpeyeFramework/imageGallery/Landscape/thumbs/thumb_11.jpg</thumbnail>
                <image>http://files.jumpeyecomponents.net/jumpeyeFramework/imageGallery/Landscape/images/img_11.jpg</image>
                <title>Light of Adraga</title>
                <description>Author: Michael Breitung</description>
                <link>http://500px.com/photo/9168993</link>
            </item>
			<item>
                <thumbnail>http://files.jumpeyecomponents.net/jumpeyeFramework/imageGallery/Landscape/thumbs/thumb_12.jpg</thumbnail>
                <image>http://files.jumpeyecomponents.net/jumpeyeFramework/imageGallery/Landscape/images/img_12.jpg</image>
                <title>Peaceful Moment</title>
                <description>Author: Michael Breitung</description>
                <link>http://500px.com/photo/519378</link>
            </item>
			<item>
                <thumbnail>http://files.jumpeyecomponents.net/jumpeyeFramework/imageGallery/Landscape/thumbs/thumb_13.jpg</thumbnail>
                <image>http://files.jumpeyecomponents.net/jumpeyeFramework/imageGallery/Landscape/images/img_13.jpg</image>
                <title>Porth Nanven</title>
                <description>Author: Michael Breitung</description>
                <link>http://500px.com/photo/403066</link>
            </item>
			<item>
                <thumbnail>http://files.jumpeyecomponents.net/jumpeyeFramework/imageGallery/Landscape/thumbs/thumb_14.jpg</thumbnail>
                <image>http://files.jumpeyecomponents.net/jumpeyeFramework/imageGallery/Landscape/images/img_14.jpg</image>
                <title>The Quiraing View</title>
                <description>Author: Michael Breitung</description>
                <link>http://500px.com/photo/657844</link>
            </item>
			<item>
                <thumbnail>http://files.jumpeyecomponents.net/jumpeyeFramework/imageGallery/Landscape/thumbs/thumb_15.jpg</thumbnail>
                <image>http://files.jumpeyecomponents.net/jumpeyeFramework/imageGallery/Landscape/images/img_15.jpg</image>
                <title>Schrammsteine</title>
                <description>Author: Michael Breitung</description>
                <link>http://500px.com/photo/3480633</link>
            </item>
			<item>
                <thumbnail>http://files.jumpeyecomponents.net/jumpeyeFramework/imageGallery/Landscape/thumbs/thumb_16.jpg</thumbnail>
                <image>http://files.jumpeyecomponents.net/jumpeyeFramework/imageGallery/Landscape/images/img_16.jpg</image>
                <title>Talisker Gold</title>
                <description>Author: Michael Breitung</description>
                <link>http://500px.com/photo/1486209</link>
            </item>
			<item>
                <thumbnail>http://files.jumpeyecomponents.net/jumpeyeFramework/imageGallery/Landscape/thumbs/thumb_17.jpg</thumbnail>
                <image>http://files.jumpeyecomponents.net/jumpeyeFramework/imageGallery/Landscape/images/img_17.jpg</image>
                <title>Welcome to La Digue</title>
                <description>Author: Michael Breitung</description>
                <link>http://500px.com/photo/7626044</link>
            </item>
        </items>
    </folder>	
			
</gallery>
