<?xml version="1.0" encoding="UTF-8"?>
<gallery>
    
	<folder>
        <name>Studio</name>
        <items>
            <item>
                <thumbnail>http://files.jumpeyecomponents.net/jumpeyeFramework/imageGallery/Studio/thumbs/thumb_01.jpg</thumbnail>
                <image>http://files.jumpeyecomponents.net/jumpeyeFramework/imageGallery/Studio/images/img_01.jpg</image>
                <title>Abandoned garden</title>
                <description>Author: Yulia Pletinka</description>
				<link>http://500px.com/photo/7951147</link>
            </item>	
			<item>
                <thumbnail>http://files.jumpeyecomponents.net/jumpeyeFramework/imageGallery/Studio/thumbs/thumb_02.jpg</thumbnail>
                <image>http://files.jumpeyecomponents.net/jumpeyeFramework/imageGallery/Studio/images/img_02.jpg</image>
                <title>Three red apples</title>
                <description>Author: Yulia Pletinka</description>
				<link>http://500px.com/photo/9105466</link>
            </item>
			<item>
                <thumbnail>http://files.jumpeyecomponents.net/jumpeyeFramework/imageGallery/Studio/thumbs/thumb_03.jpg</thumbnail>
                <image>http://files.jumpeyecomponents.net/jumpeyeFramework/imageGallery/Studio/images/img_03.jpg</image>
                <title>On the table</title>
                <description>Author: Yulia Pletinka</description>
				<link>http://500px.com/photo/11366469</link>
            </item>
			<item>
                <thumbnail>http://files.jumpeyecomponents.net/jumpeyeFramework/imageGallery/Studio/thumbs/thumb_04.jpg</thumbnail>
                <image>http://files.jumpeyecomponents.net/jumpeyeFramework/imageGallery/Studio/images/img_04.jpg</image>
                <title>Red on blue</title>
                <description>Author: Yulia Pletinka</description>
				<link>http://500px.com/photo/7541760</link>
            </item>
			<item>
                <thumbnail>http://files.jumpeyecomponents.net/jumpeyeFramework/imageGallery/Studio/thumbs/thumb_05.jpg</thumbnail>
                <image>http://files.jumpeyecomponents.net/jumpeyeFramework/imageGallery/Studio/images/img_05.jpg</image>
                <title>Classic still life with lime</title>
                <description>Author: Yulia Pletinka</description>
				<link>http://500px.com/photo/8988535</link>
            </item>
			<item>
                <thumbnail>http://files.jumpeyecomponents.net/jumpeyeFramework/imageGallery/Studio/thumbs/thumb_06.jpg</thumbnail>
                <image>http://files.jumpeyecomponents.net/jumpeyeFramework/imageGallery/Studio/images/img_06.jpg</image>
                <title>August</title>
                <description>Author: Yulia Pletinka</description>
				<link>http://500px.com/photo/10590197</link>
            </item>
			<item>
                <thumbnail>http://files.jumpeyecomponents.net/jumpeyeFramework/imageGallery/Studio/thumbs/thumb_07.jpg</thumbnail>
                <image>http://files.jumpeyecomponents.net/jumpeyeFramework/imageGallery/Studio/images/img_07.jpg</image>
                <title>Classic II</title>
                <description>Author: Yulia Pletinka</description>
				<link>http://500px.com/photo/8202224</link>
            </item>
			<item>
                <thumbnail>http://files.jumpeyecomponents.net/jumpeyeFramework/imageGallery/Studio/thumbs/thumb_08.jpg</thumbnail>
                <image>http://files.jumpeyecomponents.net/jumpeyeFramework/imageGallery/Studio/images/img_08.jpg</image>
                <title>Summer flowers</title>
                <description>Author: Yulia Pletinka</description>
				<link>http://500px.com/photo/10215853</link>
            </item>
			<item>
                <thumbnail>http://files.jumpeyecomponents.net/jumpeyeFramework/imageGallery/Studio/thumbs/thumb_09.jpg</thumbnail>
                <image>http://files.jumpeyecomponents.net/jumpeyeFramework/imageGallery/Studio/images/img_09.jpg</image>
                <title>Spring flowers</title>
                <description>Author: Yulia Pletinka</description>
				<link>http://500px.com/photo/8016525</link>
            </item>
			<item>
                <thumbnail>http://files.jumpeyecomponents.net/jumpeyeFramework/imageGallery/Studio/thumbs/thumb_10.jpg</thumbnail>
                <image>http://files.jumpeyecomponents.net/jumpeyeFramework/imageGallery/Studio/images/img_10.jpg</image>
                <title>Heather evening</title>
                <description>Author: Yulia Pletinka</description>
				<link>http://500px.com/photo/11417911</link>
            </item>
			<item>
                <thumbnail>http://files.jumpeyecomponents.net/jumpeyeFramework/imageGallery/Studio/thumbs/thumb_11.jpg</thumbnail>
                <image>http://files.jumpeyecomponents.net/jumpeyeFramework/imageGallery/Studio/images/img_11.jpg</image>
                <title>Morning whisperings...</title>
                <description>Author: Yulia Pletinka</description>
				<link>http://500px.com/photo/7950986</link>
            </item>
			<item>
                <thumbnail>http://files.jumpeyecomponents.net/jumpeyeFramework/imageGallery/Studio/thumbs/thumb_12.jpg</thumbnail>
                <image>http://files.jumpeyecomponents.net/jumpeyeFramework/imageGallery/Studio/images/img_12.jpg</image>
                <title>Summer. Poppies.</title>
                <description>Author: Yulia Pletinka</description>
				<link>http://500px.com/photo/8760809</link>
            </item>
        </items>
    </folder>	
	
	<folder>
        <name>Landscape</name>
        <items>
			<item>
                <thumbnail>http://files.jumpeyecomponents.net/jumpeyeFramework/imageGallery/Landscape/thumbs/thumb_01.jpg</thumbnail>
                <image>http://files.jumpeyecomponents.net/jumpeyeFramework/imageGallery/Landscape/images/img_01.jpg</image>
                <title>Yummy candy sky : )</title>
                <description>Author: AtomicZen</description>
                <link>http://500px.com/photo/4096272</link>
            </item>
			<item>
                <thumbnail>http://files.jumpeyecomponents.net/jumpeyeFramework/imageGallery/Landscape/thumbs/thumb_02.jpg</thumbnail>
                <image>http://files.jumpeyecomponents.net/jumpeyeFramework/imageGallery/Landscape/images/img_02.jpg</image>
                <title>La Passe</title>
                <description>Author: Michael Breitung</description>
                <link>http://500px.com/photo/6681099</link>
            </item>
            <item>
                <thumbnail>http://files.jumpeyecomponents.net/jumpeyeFramework/imageGallery/Landscape/thumbs/thumb_03.jpg</thumbnail>
                <image>http://files.jumpeyecomponents.net/jumpeyeFramework/imageGallery/Landscape/images/img_03.jpg</image>
                <title>Tide rhythm at Avalon Beach</title>
                <description>Author: AtomicZen</description>
                <link>http://500px.com/photo/4023167</link>
            </item>
			<item>
                <thumbnail>http://files.jumpeyecomponents.net/jumpeyeFramework/imageGallery/Landscape/thumbs/thumb_04.jpg</thumbnail>
                <image>http://files.jumpeyecomponents.net/jumpeyeFramework/imageGallery/Landscape/images/img_04.jpg</image>
                <title>Coogee Beach</title>
                <description>Author: AtomicZen</description>
                <link>http://500px.com/photo/3843660</link>
            </item>
			<item>
                <thumbnail>http://files.jumpeyecomponents.net/jumpeyeFramework/imageGallery/Landscape/thumbs/thumb_05.jpg</thumbnail>
                <image>http://files.jumpeyecomponents.net/jumpeyeFramework/imageGallery/Landscape/images/img_05.jpg</image>
                <title>First impression at Bermagui</title>
                <description>Author: AtomicZen</description>
                <link>http://500px.com/photo/4580936</link>
            </item>
			<item>
                <thumbnail>http://files.jumpeyecomponents.net/jumpeyeFramework/imageGallery/Landscape/thumbs/thumb_06.jpg</thumbnail>
                <image>http://files.jumpeyecomponents.net/jumpeyeFramework/imageGallery/Landscape/images/img_06.jpg</image>
                <title>Buddy</title>
                <description>Author: AtomicZen</description>
                <link>http://500px.com/photo/10594477</link>
            </item>
			<item>
                <thumbnail>http://files.jumpeyecomponents.net/jumpeyeFramework/imageGallery/Landscape/thumbs/thumb_07.jpg</thumbnail>
                <image>http://files.jumpeyecomponents.net/jumpeyeFramework/imageGallery/Landscape/images/img_07.jpg</image>
                <title>Beam me up!!</title>
                <description>Author: AtomicZen</description>
                <link>http://500px.com/photo/5336059</link>
            </item>
			<item>
                <thumbnail>http://files.jumpeyecomponents.net/jumpeyeFramework/imageGallery/Landscape/thumbs/thumb_08.jpg</thumbnail>
                <image>http://files.jumpeyecomponents.net/jumpeyeFramework/imageGallery/Landscape/images/img_08.jpg</image>
                <title>Mysterious Fairyland</title>
                <description>Author: AtomicZen</description>
                <link>http://500px.com/photo/6171279</link>
            </item>
			<item>
                <thumbnail>http://files.jumpeyecomponents.net/jumpeyeFramework/imageGallery/Landscape/thumbs/thumb_09.jpg</thumbnail>
                <image>http://files.jumpeyecomponents.net/jumpeyeFramework/imageGallery/Landscape/images/img_09.jpg</image>
                <title>At Monkey creek</title>
                <description>Author: AtomicZen</description>
                <link>http://500px.com/photo/4529115</link>
            </item>
			<item>
                <thumbnail>http://files.jumpeyecomponents.net/jumpeyeFramework/imageGallery/Landscape/thumbs/thumb_10.jpg</thumbnail>
                <image>http://files.jumpeyecomponents.net/jumpeyeFramework/imageGallery/Landscape/images/img_10.jpg</image>
                <title>Light dance</title>
                <description>Author: AtomicZen</description>
                <link>http://500px.com/photo/4070072</link>
            </item>			
			<item>
                <thumbnail>http://files.jumpeyecomponents.net/jumpeyeFramework/imageGallery/Landscape/thumbs/thumb_11.jpg</thumbnail>
                <image>http://files.jumpeyecomponents.net/jumpeyeFramework/imageGallery/Landscape/images/img_11.jpg</image>
                <title>Light of Adraga</title>
                <description>Author: Michael Breitung</description>
                <link>http://500px.com/photo/9168993</link>
            </item>
			<item>
                <thumbnail>http://files.jumpeyecomponents.net/jumpeyeFramework/imageGallery/Landscape/thumbs/thumb_12.jpg</thumbnail>
                <image>http://files.jumpeyecomponents.net/jumpeyeFramework/imageGallery/Landscape/images/img_12.jpg</image>
                <title>Peaceful Moment</title>
                <description>Author: Michael Breitung</description>
                <link>http://500px.com/photo/519378</link>
            </item>
			<item>
                <thumbnail>http://files.jumpeyecomponents.net/jumpeyeFramework/imageGallery/Landscape/thumbs/thumb_13.jpg</thumbnail>
                <image>http://files.jumpeyecomponents.net/jumpeyeFramework/imageGallery/Landscape/images/img_13.jpg</image>
                <title>Porth Nanven</title>
                <description>Author: Michael Breitung</description>
                <link>http://500px.com/photo/403066</link>
            </item>
			<item>
                <thumbnail>http://files.jumpeyecomponents.net/jumpeyeFramework/imageGallery/Landscape/thumbs/thumb_14.jpg</thumbnail>
                <image>http://files.jumpeyecomponents.net/jumpeyeFramework/imageGallery/Landscape/images/img_14.jpg</image>
                <title>The Quiraing View</title>
                <description>Author: Michael Breitung</description>
                <link>http://500px.com/photo/657844</link>
            </item>
			<item>
                <thumbnail>http://files.jumpeyecomponents.net/jumpeyeFramework/imageGallery/Landscape/thumbs/thumb_15.jpg</thumbnail>
                <image>http://files.jumpeyecomponents.net/jumpeyeFramework/imageGallery/Landscape/images/img_15.jpg</image>
                <title>Schrammsteine</title>
                <description>Author: Michael Breitung</description>
                <link>http://500px.com/photo/3480633</link>
            </item>
			<item>
                <thumbnail>http://files.jumpeyecomponents.net/jumpeyeFramework/imageGallery/Landscape/thumbs/thumb_16.jpg</thumbnail>
                <image>http://files.jumpeyecomponents.net/jumpeyeFramework/imageGallery/Landscape/images/img_16.jpg</image>
                <title>Talisker Gold</title>
                <description>Author: Michael Breitung</description>
                <link>http://500px.com/photo/1486209</link>
            </item>
			<item>
                <thumbnail>http://files.jumpeyecomponents.net/jumpeyeFramework/imageGallery/Landscape/thumbs/thumb_17.jpg</thumbnail>
                <image>http://files.jumpeyecomponents.net/jumpeyeFramework/imageGallery/Landscape/images/img_17.jpg</image>
                <title>Welcome to La Digue</title>
                <description>Author: Michael Breitung</description>
                <link>http://500px.com/photo/7626044</link>
            </item>
        </items>
    </folder>
	
	<folder>
        <name>Nature</name>
        <items>
            <item>
                <thumbnail>http://files.jumpeyecomponents.net/jumpeyeFramework/imageGallery/Nature/thumbs/thumb_01.jpg</thumbnail>
                <image>http://files.jumpeyecomponents.net/jumpeyeFramework/imageGallery/Nature/images/img_01.jpg</image>
                <title>Heavenly reflection</title>
                <description>Author: AtomicZen</description>
				<link>http://500px.com/photo/4225951</link>
            </item>
			<item>
                <thumbnail>http://files.jumpeyecomponents.net/jumpeyeFramework/imageGallery/Nature/thumbs/thumb_02.jpg</thumbnail>
                <image>http://files.jumpeyecomponents.net/jumpeyeFramework/imageGallery/Nature/images/img_02.jpg</image>
                <title>Jubilant Flow of Wakatipu</title>
                <description>Author: AtomicZen</description>
				<link>http://500px.com/photo/8352427</link>
            </item>
			<item>
                <thumbnail>http://files.jumpeyecomponents.net/jumpeyeFramework/imageGallery/Nature/thumbs/thumb_03.jpg</thumbnail>
                <image>http://files.jumpeyecomponents.net/jumpeyeFramework/imageGallery/Nature/images/img_03.jpg</image>
                <title>Tranquility</title>
                <description>Author: Michael Breitung</description>
				<link>http://500px.com/photo/463739</link>
            </item>
			<item>
                <thumbnail>http://files.jumpeyecomponents.net/jumpeyeFramework/imageGallery/Nature/thumbs/thumb_04.jpg</thumbnail>
                <image>http://files.jumpeyecomponents.net/jumpeyeFramework/imageGallery/Nature/images/img_04.jpg</image>
                <title>Geroldsau Cascade</title>
                <description>Author: Michael Breitung</description>
				<link>http://500px.com/photo/7006269</link>
            </item>
			<item>
                <thumbnail>http://files.jumpeyecomponents.net/jumpeyeFramework/imageGallery/Nature/thumbs/thumb_05.jpg</thumbnail>
                <image>http://files.jumpeyecomponents.net/jumpeyeFramework/imageGallery/Nature/images/img_05.jpg</image>
                <title>Krimml - Water Symphony</title>
                <description>Author: Michael Breitung</description>
				<link>http://500px.com/photo/403106</link>
            </item>
			<item>
                <thumbnail>http://files.jumpeyecomponents.net/jumpeyeFramework/imageGallery/Nature/thumbs/thumb_06.jpg</thumbnail>
                <image>http://files.jumpeyecomponents.net/jumpeyeFramework/imageGallery/Nature/images/img_06.jpg</image>
                <title>Partnachklamm</title>
                <description>Author: Michael Breitung</description>
				<link>http://500px.com/photo/1298571</link>
            </item>
			<item>
                <thumbnail>http://files.jumpeyecomponents.net/jumpeyeFramework/imageGallery/Nature/thumbs/thumb_07.jpg</thumbnail>
                <image>http://files.jumpeyecomponents.net/jumpeyeFramework/imageGallery/Nature/images/img_07.jpg</image>
                <title>Sunshine</title>
                <description>Author: Michael Breitung</description>
				<link>http://500px.com/photo/12283525</link>
            </item>			
			<item>
                <thumbnail>http://files.jumpeyecomponents.net/jumpeyeFramework/imageGallery/Nature/thumbs/thumb_08.jpg</thumbnail>
                <image>http://files.jumpeyecomponents.net/jumpeyeFramework/imageGallery/Nature/images/img_08.jpg</image>
                <title>Yaki Point</title>
                <description>Author: Michael Breitung</description>
				<link>http://500px.com/photo/403061</link>
            </item>	
        </items>
    </folder>
	
	<folder>
        <name>Building</name>
        <items>
            <item>
                <thumbnail>http://files.jumpeyecomponents.net/jumpeyeFramework/imageGallery/Building/thumbs/thumb_01.jpg</thumbnail>
                <image>http://files.jumpeyecomponents.net/jumpeyeFramework/imageGallery/Building/images/img_01.jpg</image>
                <title>The Goodman Building</title>
                <description>Author: Artie</description>
				<link>http://www.flickr.com/photos/artiephotography/2764693119/in/photostream</link>
            </item>
			<item>
                <thumbnail>http://files.jumpeyecomponents.net/jumpeyeFramework/imageGallery/Building/thumbs/thumb_02.jpg</thumbnail>
                <image>http://files.jumpeyecomponents.net/jumpeyeFramework/imageGallery/Building/images/img_02.jpg</image>
                <title>St Patrick's Cathedral, Melbourne</title>
                <description>Author: Artie</description>
				<link>http://www.flickr.com/photos/artiephotography/3016706855/</link>
            </item>
			<item>
                <thumbnail>http://files.jumpeyecomponents.net/jumpeyeFramework/imageGallery/Building/thumbs/thumb_03.jpg</thumbnail>
                <image>http://files.jumpeyecomponents.net/jumpeyeFramework/imageGallery/Building/images/img_03.jpg</image>
                <title>The Tempestuous Sydney Harbour Bridge</title>
                <description>Author: Artie</description>
				<link>http://www.flickr.com/photos/artiephotography/3237043267/</link>
            </item>
			<item>
                <thumbnail>http://files.jumpeyecomponents.net/jumpeyeFramework/imageGallery/Building/thumbs/thumb_04.jpg</thumbnail>
                <image>http://files.jumpeyecomponents.net/jumpeyeFramework/imageGallery/Building/images/img_04.jpg</image>
                <title>The Shrine of Remembrance, Melbourne</title>
                <description>Author: Artie</description>
				<link>http://www.flickr.com/photos/artiephotography/3322688990/</link>
            </item>
			<item>
                <thumbnail>http://files.jumpeyecomponents.net/jumpeyeFramework/imageGallery/Building/thumbs/thumb_05.jpg</thumbnail>
                <image>http://files.jumpeyecomponents.net/jumpeyeFramework/imageGallery/Building/images/img_05.jpg</image>
                <title>Adelaide General Post Office</title>
                <description>Author: Artie</description>
				<link>http://www.flickr.com/photos/artiephotography/2567181465/</link>				
            </item>
			<item>
                <thumbnail>http://files.jumpeyecomponents.net/jumpeyeFramework/imageGallery/Building/thumbs/thumb_06.jpg</thumbnail>
                <image>http://files.jumpeyecomponents.net/jumpeyeFramework/imageGallery/Building/images/img_06.jpg</image>
                <title>The Pagodas at the Singapore Chinese Garden</title>
                <description>Author: Artie</description>
				<link>http://www.flickr.com/photos/artiephotography/3513060620/</link>
            </item>
			<item>
                <thumbnail>http://files.jumpeyecomponents.net/jumpeyeFramework/imageGallery/Building/thumbs/thumb_07.jpg</thumbnail>
                <image>http://files.jumpeyecomponents.net/jumpeyeFramework/imageGallery/Building/images/img_07.jpg</image>
                <title>Feeling like an Egyptian</title>
                <description>Author: Artie</description>
				<link>http://www.flickr.com/photos/artiephotography/2873426583/</link>
            </item>			
			<item>
                <thumbnail>http://files.jumpeyecomponents.net/jumpeyeFramework/imageGallery/Building/thumbs/thumb_08.jpg</thumbnail>
                <image>http://files.jumpeyecomponents.net/jumpeyeFramework/imageGallery/Building/images/img_08.jpg</image>
                <title>The Mansion of Dreams</title>
                <description>Author: Artie</description>
				<link>http://www.flickr.com/photos/artiephotography/2880183279/</link>
            </item>
			<item>
                <thumbnail>http://files.jumpeyecomponents.net/jumpeyeFramework/imageGallery/Building/thumbs/thumb_09.jpg</thumbnail>
                <image>http://files.jumpeyecomponents.net/jumpeyeFramework/imageGallery/Building/images/img_09.jpg</image>
                <title>Angkor Wat Lights Up</title>
                <description>Author: Artie</description>
				<link>http://www.flickr.com/photos/artiephotography/4003444527/</link>
            </item>
        </items>
    </folder>	
			
</gallery>
