<playlist>
	<items>
		<item>
			<source>../../../Assets/Videos/video_1.mp4</source>
			<sourceType>direct</sourceType>
			<title><![CDATA[Transformers:Dark of the Moon]]></title>
			<description><![CDATA[The Autobots learn of a Cybertronian spacecraft hidden on the Moon, and race against the Decepticons to reach it and to learn its secrets.]]></description>
			<duration>30</duration>
			<image>../../../Assets/CoverImages/image_1.jpg</image>			
		</item>
		<item>
			<source>../../../Assets/Videos/video_2.mp4</source>
			<sourceType>direct</sourceType>
			<title><![CDATA[The Three Musketeers]]></title>
			<description><![CDATA[The hot-headed young D'Artagnan along with three former legendary but now down on their luck Musketeers must unite and defeat a beautiful double agent and her villainous employer from seizing the French throne and engulfing Europe in war.]]></description>			
			<duration>30</duration>
			<image>../../../Assets/CoverImages/image_2.jpg</image>			
		</item>
		<item>
			<source>../../../Assets/Videos/video_3.mp4</source>
			<sourceType>direct</sourceType>
			<title><![CDATA[Thor]]></title>
			<description><![CDATA[The powerful but arrogant warrior Thor is cast out of the fantastic realm of Asgard and sent to live amongst humans on Earth, where he soon becomes one of their finest defenders.]]></description>			
			<duration>30</duration>
			<image>../../../Assets/CoverImages/image_3.jpg</image>
		</item>
		<item>
			<source>../../../Assets/Videos/video_1.mp4</source>
			<sourceType>direct</sourceType>
			<title><![CDATA[Transformers:Dark of the Moon]]></title>
			<description><![CDATA[The Autobots learn of a Cybertronian spacecraft hidden on the Moon, and race against the Decepticons to reach it and to learn its secrets.]]></description>
			<duration>30</duration>
			<image>../../../Assets/CoverImages/image_1.jpg</image>			
		</item>
		<item>
			<source>../../../Assets/Videos/video_2.mp4</source>
			<sourceType>direct</sourceType>
			<title><![CDATA[The Three Musketeers]]></title>
			<description><![CDATA[The hot-headed young D'Artagnan along with three former legendary but now down on their luck Musketeers must unite and defeat a beautiful double agent and her villainous employer from seizing the French throne and engulfing Europe in war.]]></description>			
			<duration>30</duration>
			<image>../../../Assets/CoverImages/image_2.jpg</image>			
		</item>
		<item>
			<source>../../../Assets/Videos/video_3.mp4</source>
			<sourceType>direct</sourceType>
			<title><![CDATA[Thor]]></title>
			<description><![CDATA[The powerful but arrogant warrior Thor is cast out of the fantastic realm of Asgard and sent to live amongst humans on Earth, where he soon becomes one of their finest defenders.]]></description>			
			<duration>30</duration>
			<image>../../../Assets/CoverImages/image_3.jpg</image>
		</item>
	</items>
</playlist>